,dias,Curitiba - PR,Fortaleza - CE,Sarandi - RS,Bras√≠lia - DF,Bochum - GE
0,2023-01-01,2023-01-01 19:10:00-03:00,2023-01-01 17:46:00-03:00,2023-01-01 19:29:00-03:00,2023-01-01 18:44:00-03:00,2023-01-01 16:33:00-03:00
1,2023-01-02,2023-01-02 19:11:00-03:00,2023-01-02 17:47:00-03:00,2023-01-02 19:29:00-03:00,2023-01-02 18:45:00-03:00,2023-01-02 16:34:00-03:00
2,2023-01-03,2023-01-03 19:11:00-03:00,2023-01-03 17:47:00-03:00,2023-01-03 19:30:00-03:00,2023-01-03 18:45:00-03:00,2023-01-03 16:35:00-03:00
3,2023-01-04,2023-01-04 19:11:00-03:00,2023-01-04 17:48:00-03:00,2023-01-04 19:30:00-03:00,2023-01-04 18:45:00-03:00,2023-01-04 16:36:00-03:00
4,2023-01-05,2023-01-05 19:11:00-03:00,2023-01-05 17:48:00-03:00,2023-01-05 19:30:00-03:00,2023-01-05 18:46:00-03:00,2023-01-05 16:38:00-03:00
5,2023-01-06,2023-01-06 19:12:00-03:00,2023-01-06 17:48:00-03:00,2023-01-06 19:30:00-03:00,2023-01-06 18:46:00-03:00,2023-01-06 16:39:00-03:00
6,2023-01-07,2023-01-07 19:12:00-03:00,2023-01-07 17:49:00-03:00,2023-01-07 19:30:00-03:00,2023-01-07 18:46:00-03:00,2023-01-07 16:40:00-03:00
7,2023-01-08,2023-01-08 19:12:00-03:00,2023-01-08 17:49:00-03:00,2023-01-08 19:30:00-03:00,2023-01-08 18:46:00-03:00,2023-01-08 16:41:00-03:00
8,2023-01-09,2023-01-09 19:12:00-03:00,2023-01-09 17:50:00-03:00,2023-01-09 19:30:00-03:00,2023-01-09 18:47:00-03:00,2023-01-09 16:43:00-03:00
9,2023-01-10,2023-01-10 19:12:00-03:00,2023-01-10 17:50:00-03:00,2023-01-10 19:30:00-03:00,2023-01-10 18:47:00-03:00,2023-01-10 16:44:00-03:00
10,2023-01-11,2023-01-11 19:12:00-03:00,2023-01-11 17:50:00-03:00,2023-01-11 19:30:00-03:00,2023-01-11 18:47:00-03:00,2023-01-11 16:45:00-03:00
11,2023-01-12,2023-01-12 19:12:00-03:00,2023-01-12 17:51:00-03:00,2023-01-12 19:30:00-03:00,2023-01-12 18:47:00-03:00,2023-01-12 16:47:00-03:00
12,2023-01-13,2023-01-13 19:12:00-03:00,2023-01-13 17:51:00-03:00,2023-01-13 19:30:00-03:00,2023-01-13 18:47:00-03:00,2023-01-13 16:48:00-03:00
13,2023-01-14,2023-01-14 19:12:00-03:00,2023-01-14 17:51:00-03:00,2023-01-14 19:30:00-03:00,2023-01-14 18:48:00-03:00,2023-01-14 16:50:00-03:00
14,2023-01-15,2023-01-15 19:12:00-03:00,2023-01-15 17:52:00-03:00,2023-01-15 19:30:00-03:00,2023-01-15 18:48:00-03:00,2023-01-15 16:51:00-03:00
15,2023-01-16,2023-01-16 19:12:00-03:00,2023-01-16 17:52:00-03:00,2023-01-16 19:30:00-03:00,2023-01-16 18:48:00-03:00,2023-01-16 16:53:00-03:00
16,2023-01-17,2023-01-17 19:12:00-03:00,2023-01-17 17:52:00-03:00,2023-01-17 19:30:00-03:00,2023-01-17 18:48:00-03:00,2023-01-17 16:54:00-03:00
17,2023-01-18,2023-01-18 19:12:00-03:00,2023-01-18 17:52:00-03:00,2023-01-18 19:30:00-03:00,2023-01-18 18:48:00-03:00,2023-01-18 16:56:00-03:00
18,2023-01-19,2023-01-19 19:11:00-03:00,2023-01-19 17:53:00-03:00,2023-01-19 19:29:00-03:00,2023-01-19 18:48:00-03:00,2023-01-19 16:58:00-03:00
19,2023-01-20,2023-01-20 19:11:00-03:00,2023-01-20 17:53:00-03:00,2023-01-20 19:29:00-03:00,2023-01-20 18:48:00-03:00,2023-01-20 16:59:00-03:00
20,2023-01-21,2023-01-21 19:11:00-03:00,2023-01-21 17:53:00-03:00,2023-01-21 19:29:00-03:00,2023-01-21 18:48:00-03:00,2023-01-21 17:01:00-03:00
21,2023-01-22,2023-01-22 19:11:00-03:00,2023-01-22 17:53:00-03:00,2023-01-22 19:29:00-03:00,2023-01-22 18:48:00-03:00,2023-01-22 17:03:00-03:00
22,2023-01-23,2023-01-23 19:11:00-03:00,2023-01-23 17:53:00-03:00,2023-01-23 19:28:00-03:00,2023-01-23 18:48:00-03:00,2023-01-23 17:04:00-03:00
23,2023-01-24,2023-01-24 19:10:00-03:00,2023-01-24 17:54:00-03:00,2023-01-24 19:28:00-03:00,2023-01-24 18:48:00-03:00,2023-01-24 17:06:00-03:00
24,2023-01-25,2023-01-25 19:10:00-03:00,2023-01-25 17:54:00-03:00,2023-01-25 19:28:00-03:00,2023-01-25 18:48:00-03:00,2023-01-25 17:08:00-03:00
25,2023-01-26,2023-01-26 19:10:00-03:00,2023-01-26 17:54:00-03:00,2023-01-26 19:27:00-03:00,2023-01-26 18:48:00-03:00,2023-01-26 17:10:00-03:00
26,2023-01-27,2023-01-27 19:09:00-03:00,2023-01-27 17:54:00-03:00,2023-01-27 19:27:00-03:00,2023-01-27 18:48:00-03:00,2023-01-27 17:11:00-03:00
27,2023-01-28,2023-01-28 19:09:00-03:00,2023-01-28 17:54:00-03:00,2023-01-28 19:26:00-03:00,2023-01-28 18:47:00-03:00,2023-01-28 17:13:00-03:00
28,2023-01-29,2023-01-29 19:09:00-03:00,2023-01-29 17:54:00-03:00,2023-01-29 19:26:00-03:00,2023-01-29 18:47:00-03:00,2023-01-29 17:15:00-03:00
29,2023-01-30,2023-01-30 19:08:00-03:00,2023-01-30 17:54:00-03:00,2023-01-30 19:25:00-03:00,2023-01-30 18:47:00-03:00,2023-01-30 17:17:00-03:00
30,2023-01-31,2023-01-31 19:08:00-03:00,2023-01-31 17:54:00-03:00,2023-01-31 19:25:00-03:00,2023-01-31 18:47:00-03:00,2023-01-31 17:18:00-03:00
31,2023-02-01,2023-02-01 19:07:00-03:00,2023-02-01 17:55:00-03:00,2023-02-01 19:24:00-03:00,2023-02-01 18:47:00-03:00,2023-02-01 17:20:00-03:00
32,2023-02-02,2023-02-02 19:07:00-03:00,2023-02-02 17:55:00-03:00,2023-02-02 19:24:00-03:00,2023-02-02 18:46:00-03:00,2023-02-02 17:22:00-03:00
33,2023-02-03,2023-02-03 19:06:00-03:00,2023-02-03 17:55:00-03:00,2023-02-03 19:23:00-03:00,2023-02-03 18:46:00-03:00,2023-02-03 17:24:00-03:00
34,2023-02-04,2023-02-04 19:06:00-03:00,2023-02-04 17:55:00-03:00,2023-02-04 19:23:00-03:00,2023-02-04 18:46:00-03:00,2023-02-04 17:26:00-03:00
35,2023-02-05,2023-02-05 19:05:00-03:00,2023-02-05 17:55:00-03:00,2023-02-05 19:22:00-03:00,2023-02-05 18:46:00-03:00,2023-02-05 17:27:00-03:00
36,2023-02-06,2023-02-06 19:05:00-03:00,2023-02-06 17:55:00-03:00,2023-02-06 19:21:00-03:00,2023-02-06 18:45:00-03:00,2023-02-06 17:29:00-03:00
37,2023-02-07,2023-02-07 19:04:00-03:00,2023-02-07 17:55:00-03:00,2023-02-07 19:21:00-03:00,2023-02-07 18:45:00-03:00,2023-02-07 17:31:00-03:00
38,2023-02-08,2023-02-08 19:03:00-03:00,2023-02-08 17:55:00-03:00,2023-02-08 19:20:00-03:00,2023-02-08 18:45:00-03:00,2023-02-08 17:33:00-03:00
39,2023-02-09,2023-02-09 19:03:00-03:00,2023-02-09 17:54:00-03:00,2023-02-09 19:19:00-03:00,2023-02-09 18:44:00-03:00,2023-02-09 17:35:00-03:00
40,2023-02-10,2023-02-10 19:02:00-03:00,2023-02-10 17:54:00-03:00,2023-02-10 19:19:00-03:00,2023-02-10 18:44:00-03:00,2023-02-10 17:36:00-03:00
41,2023-02-11,2023-02-11 19:01:00-03:00,2023-02-11 17:54:00-03:00,2023-02-11 19:18:00-03:00,2023-02-11 18:44:00-03:00,2023-02-11 17:38:00-03:00
42,2023-02-12,2023-02-12 19:01:00-03:00,2023-02-12 17:54:00-03:00,2023-02-12 19:17:00-03:00,2023-02-12 18:43:00-03:00,2023-02-12 17:40:00-03:00
43,2023-02-13,2023-02-13 19:00:00-03:00,2023-02-13 17:54:00-03:00,2023-02-13 19:16:00-03:00,2023-02-13 18:43:00-03:00,2023-02-13 17:42:00-03:00
44,2023-02-14,2023-02-14 18:59:00-03:00,2023-02-14 17:54:00-03:00,2023-02-14 19:16:00-03:00,2023-02-14 18:42:00-03:00,2023-02-14 17:44:00-03:00
45,2023-02-15,2023-02-15 18:59:00-03:00,2023-02-15 17:54:00-03:00,2023-02-15 19:15:00-03:00,2023-02-15 18:42:00-03:00,2023-02-15 17:46:00-03:00
46,2023-02-16,2023-02-16 18:58:00-03:00,2023-02-16 17:54:00-03:00,2023-02-16 19:14:00-03:00,2023-02-16 18:41:00-03:00,2023-02-16 17:47:00-03:00
47,2023-02-17,2023-02-17 18:57:00-03:00,2023-02-17 17:54:00-03:00,2023-02-17 19:13:00-03:00,2023-02-17 18:41:00-03:00,2023-02-17 17:49:00-03:00
48,2023-02-18,2023-02-18 18:56:00-03:00,2023-02-18 17:53:00-03:00,2023-02-18 19:12:00-03:00,2023-02-18 18:40:00-03:00,2023-02-18 17:51:00-03:00
49,2023-02-19,2023-02-19 18:55:00-03:00,2023-02-19 17:53:00-03:00,2023-02-19 19:11:00-03:00,2023-02-19 18:40:00-03:00,2023-02-19 17:53:00-03:00
50,2023-02-20,2023-02-20 18:55:00-03:00,2023-02-20 17:53:00-03:00,2023-02-20 19:11:00-03:00,2023-02-20 18:39:00-03:00,2023-02-20 17:55:00-03:00
51,2023-02-21,2023-02-21 18:54:00-03:00,2023-02-21 17:53:00-03:00,2023-02-21 19:10:00-03:00,2023-02-21 18:39:00-03:00,2023-02-21 17:56:00-03:00
52,2023-02-22,2023-02-22 18:53:00-03:00,2023-02-22 17:53:00-03:00,2023-02-22 19:09:00-03:00,2023-02-22 18:38:00-03:00,2023-02-22 17:58:00-03:00
53,2023-02-23,2023-02-23 18:52:00-03:00,2023-02-23 17:52:00-03:00,2023-02-23 19:08:00-03:00,2023-02-23 18:38:00-03:00,2023-02-23 18:00:00-03:00
54,2023-02-24,2023-02-24 18:51:00-03:00,2023-02-24 17:52:00-03:00,2023-02-24 19:07:00-03:00,2023-02-24 18:37:00-03:00,2023-02-24 18:02:00-03:00
55,2023-02-25,2023-02-25 18:50:00-03:00,2023-02-25 17:52:00-03:00,2023-02-25 19:06:00-03:00,2023-02-25 18:37:00-03:00,2023-02-25 18:03:00-03:00
56,2023-02-26,2023-02-26 18:50:00-03:00,2023-02-26 17:52:00-03:00,2023-02-26 19:05:00-03:00,2023-02-26 18:36:00-03:00,2023-02-26 18:05:00-03:00
57,2023-02-27,2023-02-27 18:49:00-03:00,2023-02-27 17:51:00-03:00,2023-02-27 19:04:00-03:00,2023-02-27 18:35:00-03:00,2023-02-27 18:07:00-03:00
58,2023-02-28,2023-02-28 18:48:00-03:00,2023-02-28 17:51:00-03:00,2023-02-28 19:03:00-03:00,2023-02-28 18:35:00-03:00,2023-02-28 18:09:00-03:00
59,2023-03-01,2023-03-01 18:47:00-03:00,2023-03-01 17:51:00-03:00,2023-03-01 19:02:00-03:00,2023-03-01 18:34:00-03:00,2023-03-01 18:11:00-03:00
60,2023-03-02,2023-03-02 18:46:00-03:00,2023-03-02 17:50:00-03:00,2023-03-02 19:01:00-03:00,2023-03-02 18:33:00-03:00,2023-03-02 18:12:00-03:00
61,2023-03-03,2023-03-03 18:45:00-03:00,2023-03-03 17:50:00-03:00,2023-03-03 19:00:00-03:00,2023-03-03 18:33:00-03:00,2023-03-03 18:14:00-03:00
62,2023-03-04,2023-03-04 18:44:00-03:00,2023-03-04 17:50:00-03:00,2023-03-04 18:59:00-03:00,2023-03-04 18:32:00-03:00,2023-03-04 18:16:00-03:00
63,2023-03-05,2023-03-05 18:43:00-03:00,2023-03-05 17:49:00-03:00,2023-03-05 18:58:00-03:00,2023-03-05 18:32:00-03:00,2023-03-05 18:17:00-03:00
64,2023-03-06,2023-03-06 18:42:00-03:00,2023-03-06 17:49:00-03:00,2023-03-06 18:57:00-03:00,2023-03-06 18:31:00-03:00,2023-03-06 18:19:00-03:00
65,2023-03-07,2023-03-07 18:41:00-03:00,2023-03-07 17:49:00-03:00,2023-03-07 18:56:00-03:00,2023-03-07 18:30:00-03:00,2023-03-07 18:21:00-03:00
66,2023-03-08,2023-03-08 18:40:00-03:00,2023-03-08 17:48:00-03:00,2023-03-08 18:55:00-03:00,2023-03-08 18:30:00-03:00,2023-03-08 18:23:00-03:00
67,2023-03-09,2023-03-09 18:39:00-03:00,2023-03-09 17:48:00-03:00,2023-03-09 18:54:00-03:00,2023-03-09 18:29:00-03:00,2023-03-09 18:24:00-03:00
68,2023-03-10,2023-03-10 18:38:00-03:00,2023-03-10 17:48:00-03:00,2023-03-10 18:52:00-03:00,2023-03-10 18:28:00-03:00,2023-03-10 18:26:00-03:00
69,2023-03-11,2023-03-11 18:37:00-03:00,2023-03-11 17:47:00-03:00,2023-03-11 18:51:00-03:00,2023-03-11 18:27:00-03:00,2023-03-11 18:28:00-03:00
70,2023-03-12,2023-03-12 18:36:00-03:00,2023-03-12 17:47:00-03:00,2023-03-12 18:50:00-03:00,2023-03-12 18:27:00-03:00,2023-03-12 18:30:00-03:00
71,2023-03-13,2023-03-13 18:35:00-03:00,2023-03-13 17:47:00-03:00,2023-03-13 18:49:00-03:00,2023-03-13 18:26:00-03:00,2023-03-13 18:31:00-03:00
72,2023-03-14,2023-03-14 18:34:00-03:00,2023-03-14 17:46:00-03:00,2023-03-14 18:48:00-03:00,2023-03-14 18:25:00-03:00,2023-03-14 18:33:00-03:00
73,2023-03-15,2023-03-15 18:33:00-03:00,2023-03-15 17:46:00-03:00,2023-03-15 18:47:00-03:00,2023-03-15 18:25:00-03:00,2023-03-15 18:35:00-03:00
74,2023-03-16,2023-03-16 18:32:00-03:00,2023-03-16 17:46:00-03:00,2023-03-16 18:46:00-03:00,2023-03-16 18:24:00-03:00,2023-03-16 18:36:00-03:00
75,2023-03-17,2023-03-17 18:31:00-03:00,2023-03-17 17:45:00-03:00,2023-03-17 18:45:00-03:00,2023-03-17 18:23:00-03:00,2023-03-17 18:38:00-03:00
76,2023-03-18,2023-03-18 18:30:00-03:00,2023-03-18 17:45:00-03:00,2023-03-18 18:44:00-03:00,2023-03-18 18:22:00-03:00,2023-03-18 18:40:00-03:00
77,2023-03-19,2023-03-19 18:29:00-03:00,2023-03-19 17:44:00-03:00,2023-03-19 18:42:00-03:00,2023-03-19 18:22:00-03:00,2023-03-19 18:41:00-03:00
78,2023-03-20,2023-03-20 18:28:00-03:00,2023-03-20 17:44:00-03:00,2023-03-20 18:41:00-03:00,2023-03-20 18:21:00-03:00,2023-03-20 18:43:00-03:00
79,2023-03-21,2023-03-21 18:27:00-03:00,2023-03-21 17:44:00-03:00,2023-03-21 18:40:00-03:00,2023-03-21 18:20:00-03:00,2023-03-21 18:45:00-03:00
80,2023-03-22,2023-03-22 18:26:00-03:00,2023-03-22 17:43:00-03:00,2023-03-22 18:39:00-03:00,2023-03-22 18:19:00-03:00,2023-03-22 18:46:00-03:00
81,2023-03-23,2023-03-23 18:25:00-03:00,2023-03-23 17:43:00-03:00,2023-03-23 18:38:00-03:00,2023-03-23 18:19:00-03:00,2023-03-23 18:48:00-03:00
82,2023-03-24,2023-03-24 18:24:00-03:00,2023-03-24 17:42:00-03:00,2023-03-24 18:37:00-03:00,2023-03-24 18:18:00-03:00,2023-03-24 18:50:00-03:00
83,2023-03-25,2023-03-25 18:23:00-03:00,2023-03-25 17:42:00-03:00,2023-03-25 18:36:00-03:00,2023-03-25 18:17:00-03:00,2023-03-25 18:51:00-03:00
84,2023-03-26,2023-03-26 18:21:00-03:00,2023-03-26 17:42:00-03:00,2023-03-26 18:35:00-03:00,2023-03-26 18:17:00-03:00,2023-03-26 18:53:00-03:00
85,2023-03-27,2023-03-27 18:20:00-03:00,2023-03-27 17:41:00-03:00,2023-03-27 18:34:00-03:00,2023-03-27 18:16:00-03:00,2023-03-27 18:55:00-03:00
86,2023-03-28,2023-03-28 18:19:00-03:00,2023-03-28 17:41:00-03:00,2023-03-28 18:32:00-03:00,2023-03-28 18:15:00-03:00,2023-03-28 18:56:00-03:00
87,2023-03-29,2023-03-29 18:18:00-03:00,2023-03-29 17:40:00-03:00,2023-03-29 18:31:00-03:00,2023-03-29 18:14:00-03:00,2023-03-29 18:58:00-03:00
88,2023-03-30,2023-03-30 18:17:00-03:00,2023-03-30 17:40:00-03:00,2023-03-30 18:30:00-03:00,2023-03-30 18:14:00-03:00,2023-03-30 19:00:00-03:00
89,2023-03-31,2023-03-31 18:16:00-03:00,2023-03-31 17:40:00-03:00,2023-03-31 18:29:00-03:00,2023-03-31 18:13:00-03:00,2023-03-31 19:01:00-03:00
90,2023-04-01,2023-04-01 18:15:00-03:00,2023-04-01 17:39:00-03:00,2023-04-01 18:28:00-03:00,2023-04-01 18:12:00-03:00,2023-04-01 19:03:00-03:00
91,2023-04-02,2023-04-02 18:14:00-03:00,2023-04-02 17:39:00-03:00,2023-04-02 18:27:00-03:00,2023-04-02 18:11:00-03:00,2023-04-02 19:05:00-03:00
92,2023-04-03,2023-04-03 18:13:00-03:00,2023-04-03 17:39:00-03:00,2023-04-03 18:26:00-03:00,2023-04-03 18:11:00-03:00,2023-04-03 19:06:00-03:00
93,2023-04-04,2023-04-04 18:12:00-03:00,2023-04-04 17:38:00-03:00,2023-04-04 18:25:00-03:00,2023-04-04 18:10:00-03:00,2023-04-04 19:08:00-03:00
94,2023-04-05,2023-04-05 18:11:00-03:00,2023-04-05 17:38:00-03:00,2023-04-05 18:24:00-03:00,2023-04-05 18:09:00-03:00,2023-04-05 19:10:00-03:00
95,2023-04-06,2023-04-06 18:10:00-03:00,2023-04-06 17:37:00-03:00,2023-04-06 18:22:00-03:00,2023-04-06 18:09:00-03:00,2023-04-06 19:11:00-03:00
96,2023-04-07,2023-04-07 18:09:00-03:00,2023-04-07 17:37:00-03:00,2023-04-07 18:21:00-03:00,2023-04-07 18:08:00-03:00,2023-04-07 19:13:00-03:00
97,2023-04-08,2023-04-08 18:08:00-03:00,2023-04-08 17:37:00-03:00,2023-04-08 18:20:00-03:00,2023-04-08 18:07:00-03:00,2023-04-08 19:15:00-03:00
98,2023-04-09,2023-04-09 18:07:00-03:00,2023-04-09 17:36:00-03:00,2023-04-09 18:19:00-03:00,2023-04-09 18:06:00-03:00,2023-04-09 19:16:00-03:00
99,2023-04-10,2023-04-10 18:06:00-03:00,2023-04-10 17:36:00-03:00,2023-04-10 18:18:00-03:00,2023-04-10 18:06:00-03:00,2023-04-10 19:18:00-03:00
100,2023-04-11,2023-04-11 18:05:00-03:00,2023-04-11 17:36:00-03:00,2023-04-11 18:17:00-03:00,2023-04-11 18:05:00-03:00,2023-04-11 19:20:00-03:00
101,2023-04-12,2023-04-12 18:04:00-03:00,2023-04-12 17:35:00-03:00,2023-04-12 18:16:00-03:00,2023-04-12 18:04:00-03:00,2023-04-12 19:21:00-03:00
102,2023-04-13,2023-04-13 18:03:00-03:00,2023-04-13 17:35:00-03:00,2023-04-13 18:15:00-03:00,2023-04-13 18:04:00-03:00,2023-04-13 19:23:00-03:00
103,2023-04-14,2023-04-14 18:02:00-03:00,2023-04-14 17:35:00-03:00,2023-04-14 18:14:00-03:00,2023-04-14 18:03:00-03:00,2023-04-14 19:25:00-03:00
104,2023-04-15,2023-04-15 18:01:00-03:00,2023-04-15 17:34:00-03:00,2023-04-15 18:13:00-03:00,2023-04-15 18:02:00-03:00,2023-04-15 19:26:00-03:00
105,2023-04-16,2023-04-16 18:01:00-03:00,2023-04-16 17:34:00-03:00,2023-04-16 18:12:00-03:00,2023-04-16 18:02:00-03:00,2023-04-16 19:28:00-03:00
106,2023-04-17,2023-04-17 18:00:00-03:00,2023-04-17 17:34:00-03:00,2023-04-17 18:11:00-03:00,2023-04-17 18:01:00-03:00,2023-04-17 19:30:00-03:00
107,2023-04-18,2023-04-18 17:59:00-03:00,2023-04-18 17:33:00-03:00,2023-04-18 18:10:00-03:00,2023-04-18 18:01:00-03:00,2023-04-18 19:31:00-03:00
108,2023-04-19,2023-04-19 17:58:00-03:00,2023-04-19 17:33:00-03:00,2023-04-19 18:09:00-03:00,2023-04-19 18:00:00-03:00,2023-04-19 19:33:00-03:00
109,2023-04-20,2023-04-20 17:57:00-03:00,2023-04-20 17:33:00-03:00,2023-04-20 18:08:00-03:00,2023-04-20 17:59:00-03:00,2023-04-20 19:34:00-03:00
110,2023-04-21,2023-04-21 17:56:00-03:00,2023-04-21 17:32:00-03:00,2023-04-21 18:07:00-03:00,2023-04-21 17:59:00-03:00,2023-04-21 19:36:00-03:00
111,2023-04-22,2023-04-22 17:55:00-03:00,2023-04-22 17:32:00-03:00,2023-04-22 18:06:00-03:00,2023-04-22 17:58:00-03:00,2023-04-22 19:38:00-03:00
112,2023-04-23,2023-04-23 17:54:00-03:00,2023-04-23 17:32:00-03:00,2023-04-23 18:05:00-03:00,2023-04-23 17:58:00-03:00,2023-04-23 19:39:00-03:00
113,2023-04-24,2023-04-24 17:53:00-03:00,2023-04-24 17:32:00-03:00,2023-04-24 18:04:00-03:00,2023-04-24 17:57:00-03:00,2023-04-24 19:41:00-03:00
114,2023-04-25,2023-04-25 17:53:00-03:00,2023-04-25 17:31:00-03:00,2023-04-25 18:04:00-03:00,2023-04-25 17:56:00-03:00,2023-04-25 19:43:00-03:00
115,2023-04-26,2023-04-26 17:52:00-03:00,2023-04-26 17:31:00-03:00,2023-04-26 18:03:00-03:00,2023-04-26 17:56:00-03:00,2023-04-26 19:44:00-03:00
116,2023-04-27,2023-04-27 17:51:00-03:00,2023-04-27 17:31:00-03:00,2023-04-27 18:02:00-03:00,2023-04-27 17:55:00-03:00,2023-04-27 19:46:00-03:00
117,2023-04-28,2023-04-28 17:50:00-03:00,2023-04-28 17:31:00-03:00,2023-04-28 18:01:00-03:00,2023-04-28 17:55:00-03:00,2023-04-28 19:48:00-03:00
118,2023-04-29,2023-04-29 17:50:00-03:00,2023-04-29 17:30:00-03:00,2023-04-29 18:00:00-03:00,2023-04-29 17:54:00-03:00,2023-04-29 19:49:00-03:00
119,2023-04-30,2023-04-30 17:49:00-03:00,2023-04-30 17:30:00-03:00,2023-04-30 17:59:00-03:00,2023-04-30 17:54:00-03:00,2023-04-30 19:51:00-03:00
120,2023-05-01,2023-05-01 17:48:00-03:00,2023-05-01 17:30:00-03:00,2023-05-01 17:59:00-03:00,2023-05-01 17:53:00-03:00,2023-05-01 19:53:00-03:00
121,2023-05-02,2023-05-02 17:47:00-03:00,2023-05-02 17:30:00-03:00,2023-05-02 17:58:00-03:00,2023-05-02 17:53:00-03:00,2023-05-02 19:54:00-03:00
122,2023-05-03,2023-05-03 17:47:00-03:00,2023-05-03 17:30:00-03:00,2023-05-03 17:57:00-03:00,2023-05-03 17:52:00-03:00,2023-05-03 19:56:00-03:00
123,2023-05-04,2023-05-04 17:46:00-03:00,2023-05-04 17:29:00-03:00,2023-05-04 17:56:00-03:00,2023-05-04 17:52:00-03:00,2023-05-04 19:57:00-03:00
124,2023-05-05,2023-05-05 17:45:00-03:00,2023-05-05 17:29:00-03:00,2023-05-05 17:55:00-03:00,2023-05-05 17:52:00-03:00,2023-05-05 19:59:00-03:00
125,2023-05-06,2023-05-06 17:45:00-03:00,2023-05-06 17:29:00-03:00,2023-05-06 17:55:00-03:00,2023-05-06 17:51:00-03:00,2023-05-06 20:01:00-03:00
126,2023-05-07,2023-05-07 17:44:00-03:00,2023-05-07 17:29:00-03:00,2023-05-07 17:54:00-03:00,2023-05-07 17:51:00-03:00,2023-05-07 20:02:00-03:00
127,2023-05-08,2023-05-08 17:43:00-03:00,2023-05-08 17:29:00-03:00,2023-05-08 17:53:00-03:00,2023-05-08 17:50:00-03:00,2023-05-08 20:04:00-03:00
128,2023-05-09,2023-05-09 17:43:00-03:00,2023-05-09 17:29:00-03:00,2023-05-09 17:53:00-03:00,2023-05-09 17:50:00-03:00,2023-05-09 20:05:00-03:00
129,2023-05-10,2023-05-10 17:42:00-03:00,2023-05-10 17:29:00-03:00,2023-05-10 17:52:00-03:00,2023-05-10 17:50:00-03:00,2023-05-10 20:07:00-03:00
130,2023-05-11,2023-05-11 17:42:00-03:00,2023-05-11 17:29:00-03:00,2023-05-11 17:51:00-03:00,2023-05-11 17:49:00-03:00,2023-05-11 20:08:00-03:00
131,2023-05-12,2023-05-12 17:41:00-03:00,2023-05-12 17:28:00-03:00,2023-05-12 17:51:00-03:00,2023-05-12 17:49:00-03:00,2023-05-12 20:10:00-03:00
132,2023-05-13,2023-05-13 17:41:00-03:00,2023-05-13 17:28:00-03:00,2023-05-13 17:50:00-03:00,2023-05-13 17:49:00-03:00,2023-05-13 20:11:00-03:00
133,2023-05-14,2023-05-14 17:40:00-03:00,2023-05-14 17:28:00-03:00,2023-05-14 17:50:00-03:00,2023-05-14 17:48:00-03:00,2023-05-14 20:13:00-03:00
134,2023-05-15,2023-05-15 17:40:00-03:00,2023-05-15 17:28:00-03:00,2023-05-15 17:49:00-03:00,2023-05-15 17:48:00-03:00,2023-05-15 20:14:00-03:00
135,2023-05-16,2023-05-16 17:39:00-03:00,2023-05-16 17:28:00-03:00,2023-05-16 17:49:00-03:00,2023-05-16 17:48:00-03:00,2023-05-16 20:16:00-03:00
136,2023-05-17,2023-05-17 17:39:00-03:00,2023-05-17 17:28:00-03:00,2023-05-17 17:48:00-03:00,2023-05-17 17:48:00-03:00,2023-05-17 20:17:00-03:00
137,2023-05-18,2023-05-18 17:38:00-03:00,2023-05-18 17:28:00-03:00,2023-05-18 17:48:00-03:00,2023-05-18 17:47:00-03:00,2023-05-18 20:19:00-03:00
138,2023-05-19,2023-05-19 17:38:00-03:00,2023-05-19 17:28:00-03:00,2023-05-19 17:47:00-03:00,2023-05-19 17:47:00-03:00,2023-05-19 20:20:00-03:00
139,2023-05-20,2023-05-20 17:37:00-03:00,2023-05-20 17:28:00-03:00,2023-05-20 17:47:00-03:00,2023-05-20 17:47:00-03:00,2023-05-20 20:22:00-03:00
140,2023-05-21,2023-05-21 17:37:00-03:00,2023-05-21 17:28:00-03:00,2023-05-21 17:46:00-03:00,2023-05-21 17:47:00-03:00,2023-05-21 20:23:00-03:00
141,2023-05-22,2023-05-22 17:37:00-03:00,2023-05-22 17:28:00-03:00,2023-05-22 17:46:00-03:00,2023-05-22 17:47:00-03:00,2023-05-22 20:24:00-03:00
142,2023-05-23,2023-05-23 17:36:00-03:00,2023-05-23 17:28:00-03:00,2023-05-23 17:46:00-03:00,2023-05-23 17:46:00-03:00,2023-05-23 20:26:00-03:00
143,2023-05-24,2023-05-24 17:36:00-03:00,2023-05-24 17:28:00-03:00,2023-05-24 17:45:00-03:00,2023-05-24 17:46:00-03:00,2023-05-24 20:27:00-03:00
144,2023-05-25,2023-05-25 17:36:00-03:00,2023-05-25 17:28:00-03:00,2023-05-25 17:45:00-03:00,2023-05-25 17:46:00-03:00,2023-05-25 20:28:00-03:00
145,2023-05-26,2023-05-26 17:35:00-03:00,2023-05-26 17:28:00-03:00,2023-05-26 17:44:00-03:00,2023-05-26 17:46:00-03:00,2023-05-26 20:30:00-03:00
146,2023-05-27,2023-05-27 17:35:00-03:00,2023-05-27 17:28:00-03:00,2023-05-27 17:44:00-03:00,2023-05-27 17:46:00-03:00,2023-05-27 20:31:00-03:00
147,2023-05-28,2023-05-28 17:35:00-03:00,2023-05-28 17:29:00-03:00,2023-05-28 17:44:00-03:00,2023-05-28 17:46:00-03:00,2023-05-28 20:32:00-03:00
148,2023-05-29,2023-05-29 17:35:00-03:00,2023-05-29 17:29:00-03:00,2023-05-29 17:44:00-03:00,2023-05-29 17:46:00-03:00,2023-05-29 20:33:00-03:00
149,2023-05-30,2023-05-30 17:35:00-03:00,2023-05-30 17:29:00-03:00,2023-05-30 17:43:00-03:00,2023-05-30 17:46:00-03:00,2023-05-30 20:35:00-03:00
150,2023-05-31,2023-05-31 17:34:00-03:00,2023-05-31 17:29:00-03:00,2023-05-31 17:43:00-03:00,2023-05-31 17:46:00-03:00,2023-05-31 20:36:00-03:00
151,2023-06-01,2023-06-01 17:34:00-03:00,2023-06-01 17:29:00-03:00,2023-06-01 17:43:00-03:00,2023-06-01 17:46:00-03:00,2023-06-01 20:37:00-03:00
152,2023-06-02,2023-06-02 17:34:00-03:00,2023-06-02 17:29:00-03:00,2023-06-02 17:43:00-03:00,2023-06-02 17:46:00-03:00,2023-06-02 20:38:00-03:00
153,2023-06-03,2023-06-03 17:34:00-03:00,2023-06-03 17:29:00-03:00,2023-06-03 17:43:00-03:00,2023-06-03 17:46:00-03:00,2023-06-03 20:39:00-03:00
154,2023-06-04,2023-06-04 17:34:00-03:00,2023-06-04 17:29:00-03:00,2023-06-04 17:43:00-03:00,2023-06-04 17:46:00-03:00,2023-06-04 20:40:00-03:00
155,2023-06-05,2023-06-05 17:34:00-03:00,2023-06-05 17:30:00-03:00,2023-06-05 17:43:00-03:00,2023-06-05 17:46:00-03:00,2023-06-05 20:41:00-03:00
156,2023-06-06,2023-06-06 17:34:00-03:00,2023-06-06 17:30:00-03:00,2023-06-06 17:42:00-03:00,2023-06-06 17:46:00-03:00,2023-06-06 20:42:00-03:00
157,2023-06-07,2023-06-07 17:34:00-03:00,2023-06-07 17:30:00-03:00,2023-06-07 17:42:00-03:00,2023-06-07 17:46:00-03:00,2023-06-07 20:43:00-03:00
158,2023-06-08,2023-06-08 17:34:00-03:00,2023-06-08 17:30:00-03:00,2023-06-08 17:42:00-03:00,2023-06-08 17:46:00-03:00,2023-06-08 20:43:00-03:00
159,2023-06-09,2023-06-09 17:34:00-03:00,2023-06-09 17:30:00-03:00,2023-06-09 17:42:00-03:00,2023-06-09 17:46:00-03:00,2023-06-09 20:44:00-03:00
160,2023-06-10,2023-06-10 17:34:00-03:00,2023-06-10 17:30:00-03:00,2023-06-10 17:42:00-03:00,2023-06-10 17:46:00-03:00,2023-06-10 20:45:00-03:00
161,2023-06-11,2023-06-11 17:34:00-03:00,2023-06-11 17:31:00-03:00,2023-06-11 17:42:00-03:00,2023-06-11 17:46:00-03:00,2023-06-11 20:46:00-03:00
162,2023-06-12,2023-06-12 17:34:00-03:00,2023-06-12 17:31:00-03:00,2023-06-12 17:42:00-03:00,2023-06-12 17:46:00-03:00,2023-06-12 20:46:00-03:00
163,2023-06-13,2023-06-13 17:34:00-03:00,2023-06-13 17:31:00-03:00,2023-06-13 17:42:00-03:00,2023-06-13 17:46:00-03:00,2023-06-13 20:47:00-03:00
164,2023-06-14,2023-06-14 17:34:00-03:00,2023-06-14 17:31:00-03:00,2023-06-14 17:43:00-03:00,2023-06-14 17:47:00-03:00,2023-06-14 20:48:00-03:00
165,2023-06-15,2023-06-15 17:34:00-03:00,2023-06-15 17:31:00-03:00,2023-06-15 17:43:00-03:00,2023-06-15 17:47:00-03:00,2023-06-15 20:48:00-03:00
166,2023-06-16,2023-06-16 17:34:00-03:00,2023-06-16 17:32:00-03:00,2023-06-16 17:43:00-03:00,2023-06-16 17:47:00-03:00,2023-06-16 20:49:00-03:00
167,2023-06-17,2023-06-17 17:34:00-03:00,2023-06-17 17:32:00-03:00,2023-06-17 17:43:00-03:00,2023-06-17 17:47:00-03:00,2023-06-17 20:49:00-03:00
168,2023-06-18,2023-06-18 17:35:00-03:00,2023-06-18 17:32:00-03:00,2023-06-18 17:43:00-03:00,2023-06-18 17:47:00-03:00,2023-06-18 20:49:00-03:00
169,2023-06-19,2023-06-19 17:35:00-03:00,2023-06-19 17:32:00-03:00,2023-06-19 17:43:00-03:00,2023-06-19 17:47:00-03:00,2023-06-19 20:50:00-03:00
170,2023-06-20,2023-06-20 17:35:00-03:00,2023-06-20 17:32:00-03:00,2023-06-20 17:43:00-03:00,2023-06-20 17:48:00-03:00,2023-06-20 20:50:00-03:00
171,2023-06-21,2023-06-21 17:35:00-03:00,2023-06-21 17:33:00-03:00,2023-06-21 17:44:00-03:00,2023-06-21 17:48:00-03:00,2023-06-21 20:50:00-03:00
172,2023-06-22,2023-06-22 17:35:00-03:00,2023-06-22 17:33:00-03:00,2023-06-22 17:44:00-03:00,2023-06-22 17:48:00-03:00,2023-06-22 20:50:00-03:00
173,2023-06-23,2023-06-23 17:36:00-03:00,2023-06-23 17:33:00-03:00,2023-06-23 17:44:00-03:00,2023-06-23 17:48:00-03:00,2023-06-23 20:51:00-03:00
174,2023-06-24,2023-06-24 17:36:00-03:00,2023-06-24 17:33:00-03:00,2023-06-24 17:44:00-03:00,2023-06-24 17:49:00-03:00,2023-06-24 20:51:00-03:00
175,2023-06-25,2023-06-25 17:36:00-03:00,2023-06-25 17:33:00-03:00,2023-06-25 17:45:00-03:00,2023-06-25 17:49:00-03:00,2023-06-25 20:51:00-03:00
176,2023-06-26,2023-06-26 17:36:00-03:00,2023-06-26 17:34:00-03:00,2023-06-26 17:45:00-03:00,2023-06-26 17:49:00-03:00,2023-06-26 20:51:00-03:00
177,2023-06-27,2023-06-27 17:37:00-03:00,2023-06-27 17:34:00-03:00,2023-06-27 17:45:00-03:00,2023-06-27 17:49:00-03:00,2023-06-27 20:51:00-03:00
178,2023-06-28,2023-06-28 17:37:00-03:00,2023-06-28 17:34:00-03:00,2023-06-28 17:46:00-03:00,2023-06-28 17:50:00-03:00,2023-06-28 20:51:00-03:00
179,2023-06-29,2023-06-29 17:37:00-03:00,2023-06-29 17:34:00-03:00,2023-06-29 17:46:00-03:00,2023-06-29 17:50:00-03:00,2023-06-29 20:50:00-03:00
180,2023-06-30,2023-06-30 17:38:00-03:00,2023-06-30 17:35:00-03:00,2023-06-30 17:46:00-03:00,2023-06-30 17:50:00-03:00,2023-06-30 20:50:00-03:00
181,2023-07-01,2023-07-01 17:38:00-03:00,2023-07-01 17:35:00-03:00,2023-07-01 17:47:00-03:00,2023-07-01 17:50:00-03:00,2023-07-01 20:50:00-03:00
182,2023-07-02,2023-07-02 17:38:00-03:00,2023-07-02 17:35:00-03:00,2023-07-02 17:47:00-03:00,2023-07-02 17:51:00-03:00,2023-07-02 20:50:00-03:00
183,2023-07-03,2023-07-03 17:39:00-03:00,2023-07-03 17:35:00-03:00,2023-07-03 17:47:00-03:00,2023-07-03 17:51:00-03:00,2023-07-03 20:49:00-03:00
184,2023-07-04,2023-07-04 17:39:00-03:00,2023-07-04 17:35:00-03:00,2023-07-04 17:48:00-03:00,2023-07-04 17:51:00-03:00,2023-07-04 20:49:00-03:00
185,2023-07-05,2023-07-05 17:39:00-03:00,2023-07-05 17:36:00-03:00,2023-07-05 17:48:00-03:00,2023-07-05 17:52:00-03:00,2023-07-05 20:48:00-03:00
186,2023-07-06,2023-07-06 17:40:00-03:00,2023-07-06 17:36:00-03:00,2023-07-06 17:49:00-03:00,2023-07-06 17:52:00-03:00,2023-07-06 20:48:00-03:00
187,2023-07-07,2023-07-07 17:40:00-03:00,2023-07-07 17:36:00-03:00,2023-07-07 17:49:00-03:00,2023-07-07 17:52:00-03:00,2023-07-07 20:47:00-03:00
188,2023-07-08,2023-07-08 17:41:00-03:00,2023-07-08 17:36:00-03:00,2023-07-08 17:49:00-03:00,2023-07-08 17:52:00-03:00,2023-07-08 20:47:00-03:00
189,2023-07-09,2023-07-09 17:41:00-03:00,2023-07-09 17:36:00-03:00,2023-07-09 17:50:00-03:00,2023-07-09 17:53:00-03:00,2023-07-09 20:46:00-03:00
190,2023-07-10,2023-07-10 17:41:00-03:00,2023-07-10 17:36:00-03:00,2023-07-10 17:50:00-03:00,2023-07-10 17:53:00-03:00,2023-07-10 20:45:00-03:00
191,2023-07-11,2023-07-11 17:42:00-03:00,2023-07-11 17:37:00-03:00,2023-07-11 17:51:00-03:00,2023-07-11 17:53:00-03:00,2023-07-11 20:44:00-03:00
192,2023-07-12,2023-07-12 17:42:00-03:00,2023-07-12 17:37:00-03:00,2023-07-12 17:51:00-03:00,2023-07-12 17:54:00-03:00,2023-07-12 20:44:00-03:00
193,2023-07-13,2023-07-13 17:43:00-03:00,2023-07-13 17:37:00-03:00,2023-07-13 17:52:00-03:00,2023-07-13 17:54:00-03:00,2023-07-13 20:43:00-03:00
194,2023-07-14,2023-07-14 17:43:00-03:00,2023-07-14 17:37:00-03:00,2023-07-14 17:52:00-03:00,2023-07-14 17:54:00-03:00,2023-07-14 20:42:00-03:00
195,2023-07-15,2023-07-15 17:44:00-03:00,2023-07-15 17:37:00-03:00,2023-07-15 17:53:00-03:00,2023-07-15 17:55:00-03:00,2023-07-15 20:41:00-03:00
196,2023-07-16,2023-07-16 17:44:00-03:00,2023-07-16 17:37:00-03:00,2023-07-16 17:53:00-03:00,2023-07-16 17:55:00-03:00,2023-07-16 20:40:00-03:00
197,2023-07-17,2023-07-17 17:45:00-03:00,2023-07-17 17:38:00-03:00,2023-07-17 17:54:00-03:00,2023-07-17 17:55:00-03:00,2023-07-17 20:39:00-03:00
198,2023-07-18,2023-07-18 17:45:00-03:00,2023-07-18 17:38:00-03:00,2023-07-18 17:54:00-03:00,2023-07-18 17:55:00-03:00,2023-07-18 20:38:00-03:00
199,2023-07-19,2023-07-19 17:45:00-03:00,2023-07-19 17:38:00-03:00,2023-07-19 17:55:00-03:00,2023-07-19 17:56:00-03:00,2023-07-19 20:37:00-03:00
200,2023-07-20,2023-07-20 17:46:00-03:00,2023-07-20 17:38:00-03:00,2023-07-20 17:55:00-03:00,2023-07-20 17:56:00-03:00,2023-07-20 20:35:00-03:00
201,2023-07-21,2023-07-21 17:46:00-03:00,2023-07-21 17:38:00-03:00,2023-07-21 17:56:00-03:00,2023-07-21 17:56:00-03:00,2023-07-21 20:34:00-03:00
202,2023-07-22,2023-07-22 17:47:00-03:00,2023-07-22 17:38:00-03:00,2023-07-22 17:56:00-03:00,2023-07-22 17:57:00-03:00,2023-07-22 20:33:00-03:00
203,2023-07-23,2023-07-23 17:47:00-03:00,2023-07-23 17:38:00-03:00,2023-07-23 17:57:00-03:00,2023-07-23 17:57:00-03:00,2023-07-23 20:32:00-03:00
204,2023-07-24,2023-07-24 17:48:00-03:00,2023-07-24 17:38:00-03:00,2023-07-24 17:57:00-03:00,2023-07-24 17:57:00-03:00,2023-07-24 20:30:00-03:00
205,2023-07-25,2023-07-25 17:48:00-03:00,2023-07-25 17:38:00-03:00,2023-07-25 17:58:00-03:00,2023-07-25 17:57:00-03:00,2023-07-25 20:29:00-03:00
206,2023-07-26,2023-07-26 17:49:00-03:00,2023-07-26 17:38:00-03:00,2023-07-26 17:58:00-03:00,2023-07-26 17:58:00-03:00,2023-07-26 20:28:00-03:00
207,2023-07-27,2023-07-27 17:49:00-03:00,2023-07-27 17:38:00-03:00,2023-07-27 17:59:00-03:00,2023-07-27 17:58:00-03:00,2023-07-27 20:26:00-03:00
208,2023-07-28,2023-07-28 17:50:00-03:00,2023-07-28 17:38:00-03:00,2023-07-28 17:59:00-03:00,2023-07-28 17:58:00-03:00,2023-07-28 20:25:00-03:00
209,2023-07-29,2023-07-29 17:50:00-03:00,2023-07-29 17:38:00-03:00,2023-07-29 18:00:00-03:00,2023-07-29 17:59:00-03:00,2023-07-29 20:23:00-03:00
210,2023-07-30,2023-07-30 17:51:00-03:00,2023-07-30 17:38:00-03:00,2023-07-30 18:00:00-03:00,2023-07-30 17:59:00-03:00,2023-07-30 20:22:00-03:00
211,2023-07-31,2023-07-31 17:51:00-03:00,2023-07-31 17:38:00-03:00,2023-07-31 18:01:00-03:00,2023-07-31 17:59:00-03:00,2023-07-31 20:20:00-03:00
212,2023-08-01,2023-08-01 17:52:00-03:00,2023-08-01 17:38:00-03:00,2023-08-01 18:01:00-03:00,2023-08-01 17:59:00-03:00,2023-08-01 20:19:00-03:00
213,2023-08-02,2023-08-02 17:52:00-03:00,2023-08-02 17:38:00-03:00,2023-08-02 18:02:00-03:00,2023-08-02 18:00:00-03:00,2023-08-02 20:17:00-03:00
214,2023-08-03,2023-08-03 17:52:00-03:00,2023-08-03 17:38:00-03:00,2023-08-03 18:02:00-03:00,2023-08-03 18:00:00-03:00,2023-08-03 20:15:00-03:00
215,2023-08-04,2023-08-04 17:53:00-03:00,2023-08-04 17:38:00-03:00,2023-08-04 18:03:00-03:00,2023-08-04 18:00:00-03:00,2023-08-04 20:14:00-03:00
216,2023-08-05,2023-08-05 17:53:00-03:00,2023-08-05 17:38:00-03:00,2023-08-05 18:03:00-03:00,2023-08-05 18:00:00-03:00,2023-08-05 20:12:00-03:00
217,2023-08-06,2023-08-06 17:54:00-03:00,2023-08-06 17:38:00-03:00,2023-08-06 18:04:00-03:00,2023-08-06 18:00:00-03:00,2023-08-06 20:10:00-03:00
218,2023-08-07,2023-08-07 17:54:00-03:00,2023-08-07 17:38:00-03:00,2023-08-07 18:05:00-03:00,2023-08-07 18:01:00-03:00,2023-08-07 20:08:00-03:00
219,2023-08-08,2023-08-08 17:55:00-03:00,2023-08-08 17:38:00-03:00,2023-08-08 18:05:00-03:00,2023-08-08 18:01:00-03:00,2023-08-08 20:07:00-03:00
220,2023-08-09,2023-08-09 17:55:00-03:00,2023-08-09 17:38:00-03:00,2023-08-09 18:06:00-03:00,2023-08-09 18:01:00-03:00,2023-08-09 20:05:00-03:00
221,2023-08-10,2023-08-10 17:56:00-03:00,2023-08-10 17:38:00-03:00,2023-08-10 18:06:00-03:00,2023-08-10 18:01:00-03:00,2023-08-10 20:03:00-03:00
222,2023-08-11,2023-08-11 17:56:00-03:00,2023-08-11 17:38:00-03:00,2023-08-11 18:07:00-03:00,2023-08-11 18:01:00-03:00,2023-08-11 20:01:00-03:00
223,2023-08-12,2023-08-12 17:57:00-03:00,2023-08-12 17:38:00-03:00,2023-08-12 18:07:00-03:00,2023-08-12 18:02:00-03:00,2023-08-12 19:59:00-03:00
224,2023-08-13,2023-08-13 17:57:00-03:00,2023-08-13 17:38:00-03:00,2023-08-13 18:08:00-03:00,2023-08-13 18:02:00-03:00,2023-08-13 19:57:00-03:00
225,2023-08-14,2023-08-14 17:57:00-03:00,2023-08-14 17:38:00-03:00,2023-08-14 18:08:00-03:00,2023-08-14 18:02:00-03:00,2023-08-14 19:55:00-03:00
226,2023-08-15,2023-08-15 17:58:00-03:00,2023-08-15 17:38:00-03:00,2023-08-15 18:09:00-03:00,2023-08-15 18:02:00-03:00,2023-08-15 19:53:00-03:00
227,2023-08-16,2023-08-16 17:58:00-03:00,2023-08-16 17:37:00-03:00,2023-08-16 18:09:00-03:00,2023-08-16 18:02:00-03:00,2023-08-16 19:51:00-03:00
228,2023-08-17,2023-08-17 17:59:00-03:00,2023-08-17 17:37:00-03:00,2023-08-17 18:10:00-03:00,2023-08-17 18:02:00-03:00,2023-08-17 19:49:00-03:00
229,2023-08-18,2023-08-18 17:59:00-03:00,2023-08-18 17:37:00-03:00,2023-08-18 18:10:00-03:00,2023-08-18 18:03:00-03:00,2023-08-18 19:47:00-03:00
230,2023-08-19,2023-08-19 17:59:00-03:00,2023-08-19 17:37:00-03:00,2023-08-19 18:11:00-03:00,2023-08-19 18:03:00-03:00,2023-08-19 19:45:00-03:00
231,2023-08-20,2023-08-20 18:00:00-03:00,2023-08-20 17:37:00-03:00,2023-08-20 18:11:00-03:00,2023-08-20 18:03:00-03:00,2023-08-20 19:43:00-03:00
232,2023-08-21,2023-08-21 18:00:00-03:00,2023-08-21 17:37:00-03:00,2023-08-21 18:11:00-03:00,2023-08-21 18:03:00-03:00,2023-08-21 19:41:00-03:00
233,2023-08-22,2023-08-22 18:01:00-03:00,2023-08-22 17:37:00-03:00,2023-08-22 18:12:00-03:00,2023-08-22 18:03:00-03:00,2023-08-22 19:39:00-03:00
234,2023-08-23,2023-08-23 18:01:00-03:00,2023-08-23 17:36:00-03:00,2023-08-23 18:12:00-03:00,2023-08-23 18:03:00-03:00,2023-08-23 19:37:00-03:00
235,2023-08-24,2023-08-24 18:02:00-03:00,2023-08-24 17:36:00-03:00,2023-08-24 18:13:00-03:00,2023-08-24 18:03:00-03:00,2023-08-24 19:35:00-03:00
236,2023-08-25,2023-08-25 18:02:00-03:00,2023-08-25 17:36:00-03:00,2023-08-25 18:13:00-03:00,2023-08-25 18:04:00-03:00,2023-08-25 19:33:00-03:00
237,2023-08-26,2023-08-26 18:02:00-03:00,2023-08-26 17:36:00-03:00,2023-08-26 18:14:00-03:00,2023-08-26 18:04:00-03:00,2023-08-26 19:31:00-03:00
238,2023-08-27,2023-08-27 18:03:00-03:00,2023-08-27 17:36:00-03:00,2023-08-27 18:14:00-03:00,2023-08-27 18:04:00-03:00,2023-08-27 19:28:00-03:00
239,2023-08-28,2023-08-28 18:03:00-03:00,2023-08-28 17:35:00-03:00,2023-08-28 18:15:00-03:00,2023-08-28 18:04:00-03:00,2023-08-28 19:26:00-03:00
240,2023-08-29,2023-08-29 18:03:00-03:00,2023-08-29 17:35:00-03:00,2023-08-29 18:15:00-03:00,2023-08-29 18:04:00-03:00,2023-08-29 19:24:00-03:00
241,2023-08-30,2023-08-30 18:04:00-03:00,2023-08-30 17:35:00-03:00,2023-08-30 18:16:00-03:00,2023-08-30 18:04:00-03:00,2023-08-30 19:22:00-03:00
242,2023-08-31,2023-08-31 18:04:00-03:00,2023-08-31 17:35:00-03:00,2023-08-31 18:16:00-03:00,2023-08-31 18:04:00-03:00,2023-08-31 19:20:00-03:00
243,2023-09-01,2023-09-01 18:05:00-03:00,2023-09-01 17:34:00-03:00,2023-09-01 18:17:00-03:00,2023-09-01 18:04:00-03:00,2023-09-01 19:18:00-03:00
244,2023-09-02,2023-09-02 18:05:00-03:00,2023-09-02 17:34:00-03:00,2023-09-02 18:17:00-03:00,2023-09-02 18:04:00-03:00,2023-09-02 19:15:00-03:00
245,2023-09-03,2023-09-03 18:05:00-03:00,2023-09-03 17:34:00-03:00,2023-09-03 18:18:00-03:00,2023-09-03 18:04:00-03:00,2023-09-03 19:13:00-03:00
246,2023-09-04,2023-09-04 18:06:00-03:00,2023-09-04 17:34:00-03:00,2023-09-04 18:18:00-03:00,2023-09-04 18:05:00-03:00,2023-09-04 19:11:00-03:00
247,2023-09-05,2023-09-05 18:06:00-03:00,2023-09-05 17:34:00-03:00,2023-09-05 18:18:00-03:00,2023-09-05 18:05:00-03:00,2023-09-05 19:09:00-03:00
248,2023-09-06,2023-09-06 18:07:00-03:00,2023-09-06 17:33:00-03:00,2023-09-06 18:19:00-03:00,2023-09-06 18:05:00-03:00,2023-09-06 19:06:00-03:00
249,2023-09-07,2023-09-07 18:07:00-03:00,2023-09-07 17:33:00-03:00,2023-09-07 18:19:00-03:00,2023-09-07 18:05:00-03:00,2023-09-07 19:04:00-03:00
250,2023-09-08,2023-09-08 18:07:00-03:00,2023-09-08 17:33:00-03:00,2023-09-08 18:20:00-03:00,2023-09-08 18:05:00-03:00,2023-09-08 19:02:00-03:00
251,2023-09-09,2023-09-09 18:08:00-03:00,2023-09-09 17:33:00-03:00,2023-09-09 18:20:00-03:00,2023-09-09 18:05:00-03:00,2023-09-09 19:00:00-03:00
252,2023-09-10,2023-09-10 18:08:00-03:00,2023-09-10 17:32:00-03:00,2023-09-10 18:21:00-03:00,2023-09-10 18:05:00-03:00,2023-09-10 18:57:00-03:00
253,2023-09-11,2023-09-11 18:08:00-03:00,2023-09-11 17:32:00-03:00,2023-09-11 18:21:00-03:00,2023-09-11 18:05:00-03:00,2023-09-11 18:55:00-03:00
254,2023-09-12,2023-09-12 18:09:00-03:00,2023-09-12 17:32:00-03:00,2023-09-12 18:22:00-03:00,2023-09-12 18:05:00-03:00,2023-09-12 18:53:00-03:00
255,2023-09-13,2023-09-13 18:09:00-03:00,2023-09-13 17:31:00-03:00,2023-09-13 18:22:00-03:00,2023-09-13 18:05:00-03:00,2023-09-13 18:50:00-03:00
256,2023-09-14,2023-09-14 18:09:00-03:00,2023-09-14 17:31:00-03:00,2023-09-14 18:22:00-03:00,2023-09-14 18:05:00-03:00,2023-09-14 18:48:00-03:00
257,2023-09-15,2023-09-15 18:10:00-03:00,2023-09-15 17:31:00-03:00,2023-09-15 18:23:00-03:00,2023-09-15 18:05:00-03:00,2023-09-15 18:46:00-03:00
258,2023-09-16,2023-09-16 18:10:00-03:00,2023-09-16 17:31:00-03:00,2023-09-16 18:23:00-03:00,2023-09-16 18:05:00-03:00,2023-09-16 18:44:00-03:00
259,2023-09-17,2023-09-17 18:11:00-03:00,2023-09-17 17:30:00-03:00,2023-09-17 18:24:00-03:00,2023-09-17 18:05:00-03:00,2023-09-17 18:41:00-03:00
260,2023-09-18,2023-09-18 18:11:00-03:00,2023-09-18 17:30:00-03:00,2023-09-18 18:24:00-03:00,2023-09-18 18:06:00-03:00,2023-09-18 18:39:00-03:00
261,2023-09-19,2023-09-19 18:11:00-03:00,2023-09-19 17:30:00-03:00,2023-09-19 18:25:00-03:00,2023-09-19 18:06:00-03:00,2023-09-19 18:37:00-03:00
262,2023-09-20,2023-09-20 18:12:00-03:00,2023-09-20 17:30:00-03:00,2023-09-20 18:25:00-03:00,2023-09-20 18:06:00-03:00,2023-09-20 18:34:00-03:00
263,2023-09-21,2023-09-21 18:12:00-03:00,2023-09-21 17:29:00-03:00,2023-09-21 18:26:00-03:00,2023-09-21 18:06:00-03:00,2023-09-21 18:32:00-03:00
264,2023-09-22,2023-09-22 18:13:00-03:00,2023-09-22 17:29:00-03:00,2023-09-22 18:26:00-03:00,2023-09-22 18:06:00-03:00,2023-09-22 18:30:00-03:00
265,2023-09-23,2023-09-23 18:13:00-03:00,2023-09-23 17:29:00-03:00,2023-09-23 18:27:00-03:00,2023-09-23 18:06:00-03:00,2023-09-23 18:28:00-03:00
266,2023-09-24,2023-09-24 18:13:00-03:00,2023-09-24 17:29:00-03:00,2023-09-24 18:27:00-03:00,2023-09-24 18:06:00-03:00,2023-09-24 18:25:00-03:00
267,2023-09-25,2023-09-25 18:14:00-03:00,2023-09-25 17:28:00-03:00,2023-09-25 18:27:00-03:00,2023-09-25 18:06:00-03:00,2023-09-25 18:23:00-03:00
268,2023-09-26,2023-09-26 18:14:00-03:00,2023-09-26 17:28:00-03:00,2023-09-26 18:28:00-03:00,2023-09-26 18:06:00-03:00,2023-09-26 18:21:00-03:00
269,2023-09-27,2023-09-27 18:14:00-03:00,2023-09-27 17:28:00-03:00,2023-09-27 18:28:00-03:00,2023-09-27 18:06:00-03:00,2023-09-27 18:18:00-03:00
270,2023-09-28,2023-09-28 18:15:00-03:00,2023-09-28 17:28:00-03:00,2023-09-28 18:29:00-03:00,2023-09-28 18:06:00-03:00,2023-09-28 18:16:00-03:00
271,2023-09-29,2023-09-29 18:15:00-03:00,2023-09-29 17:27:00-03:00,2023-09-29 18:29:00-03:00,2023-09-29 18:07:00-03:00,2023-09-29 18:14:00-03:00
272,2023-09-30,2023-09-30 18:16:00-03:00,2023-09-30 17:27:00-03:00,2023-09-30 18:30:00-03:00,2023-09-30 18:07:00-03:00,2023-09-30 18:12:00-03:00
273,2023-10-01,2023-10-01 18:16:00-03:00,2023-10-01 17:27:00-03:00,2023-10-01 18:30:00-03:00,2023-10-01 18:07:00-03:00,2023-10-01 18:09:00-03:00
274,2023-10-02,2023-10-02 18:17:00-03:00,2023-10-02 17:27:00-03:00,2023-10-02 18:31:00-03:00,2023-10-02 18:07:00-03:00,2023-10-02 18:07:00-03:00
275,2023-10-03,2023-10-03 18:17:00-03:00,2023-10-03 17:26:00-03:00,2023-10-03 18:31:00-03:00,2023-10-03 18:07:00-03:00,2023-10-03 18:05:00-03:00
276,2023-10-04,2023-10-04 18:17:00-03:00,2023-10-04 17:26:00-03:00,2023-10-04 18:32:00-03:00,2023-10-04 18:07:00-03:00,2023-10-04 18:03:00-03:00
277,2023-10-05,2023-10-05 18:18:00-03:00,2023-10-05 17:26:00-03:00,2023-10-05 18:32:00-03:00,2023-10-05 18:07:00-03:00,2023-10-05 18:00:00-03:00
278,2023-10-06,2023-10-06 18:18:00-03:00,2023-10-06 17:26:00-03:00,2023-10-06 18:33:00-03:00,2023-10-06 18:07:00-03:00,2023-10-06 17:58:00-03:00
279,2023-10-07,2023-10-07 18:19:00-03:00,2023-10-07 17:26:00-03:00,2023-10-07 18:33:00-03:00,2023-10-07 18:07:00-03:00,2023-10-07 17:56:00-03:00
280,2023-10-08,2023-10-08 18:19:00-03:00,2023-10-08 17:25:00-03:00,2023-10-08 18:34:00-03:00,2023-10-08 18:08:00-03:00,2023-10-08 17:54:00-03:00
281,2023-10-09,2023-10-09 18:20:00-03:00,2023-10-09 17:25:00-03:00,2023-10-09 18:35:00-03:00,2023-10-09 18:08:00-03:00,2023-10-09 17:51:00-03:00
282,2023-10-10,2023-10-10 18:20:00-03:00,2023-10-10 17:25:00-03:00,2023-10-10 18:35:00-03:00,2023-10-10 18:08:00-03:00,2023-10-10 17:49:00-03:00
283,2023-10-11,2023-10-11 18:21:00-03:00,2023-10-11 17:25:00-03:00,2023-10-11 18:36:00-03:00,2023-10-11 18:08:00-03:00,2023-10-11 17:47:00-03:00
284,2023-10-12,2023-10-12 18:21:00-03:00,2023-10-12 17:25:00-03:00,2023-10-12 18:36:00-03:00,2023-10-12 18:08:00-03:00,2023-10-12 17:45:00-03:00
285,2023-10-13,2023-10-13 18:21:00-03:00,2023-10-13 17:25:00-03:00,2023-10-13 18:37:00-03:00,2023-10-13 18:08:00-03:00,2023-10-13 17:43:00-03:00
286,2023-10-14,2023-10-14 18:22:00-03:00,2023-10-14 17:25:00-03:00,2023-10-14 18:37:00-03:00,2023-10-14 18:09:00-03:00,2023-10-14 17:41:00-03:00
287,2023-10-15,2023-10-15 18:22:00-03:00,2023-10-15 17:24:00-03:00,2023-10-15 18:38:00-03:00,2023-10-15 18:09:00-03:00,2023-10-15 17:38:00-03:00
288,2023-10-16,2023-10-16 18:23:00-03:00,2023-10-16 17:24:00-03:00,2023-10-16 18:38:00-03:00,2023-10-16 18:09:00-03:00,2023-10-16 17:36:00-03:00
289,2023-10-17,2023-10-17 18:23:00-03:00,2023-10-17 17:24:00-03:00,2023-10-17 18:39:00-03:00,2023-10-17 18:09:00-03:00,2023-10-17 17:34:00-03:00
290,2023-10-18,2023-10-18 18:24:00-03:00,2023-10-18 17:24:00-03:00,2023-10-18 18:40:00-03:00,2023-10-18 18:10:00-03:00,2023-10-18 17:32:00-03:00
291,2023-10-19,2023-10-19 18:25:00-03:00,2023-10-19 17:24:00-03:00,2023-10-19 18:40:00-03:00,2023-10-19 18:10:00-03:00,2023-10-19 17:30:00-03:00
292,2023-10-20,2023-10-20 18:25:00-03:00,2023-10-20 17:24:00-03:00,2023-10-20 18:41:00-03:00,2023-10-20 18:10:00-03:00,2023-10-20 17:28:00-03:00
293,2023-10-21,2023-10-21 18:26:00-03:00,2023-10-21 17:24:00-03:00,2023-10-21 18:41:00-03:00,2023-10-21 18:10:00-03:00,2023-10-21 17:26:00-03:00
294,2023-10-22,2023-10-22 18:26:00-03:00,2023-10-22 17:24:00-03:00,2023-10-22 18:42:00-03:00,2023-10-22 18:10:00-03:00,2023-10-22 17:24:00-03:00
295,2023-10-23,2023-10-23 18:27:00-03:00,2023-10-23 17:24:00-03:00,2023-10-23 18:43:00-03:00,2023-10-23 18:11:00-03:00,2023-10-23 17:22:00-03:00
296,2023-10-24,2023-10-24 18:27:00-03:00,2023-10-24 17:24:00-03:00,2023-10-24 18:43:00-03:00,2023-10-24 18:11:00-03:00,2023-10-24 17:20:00-03:00
297,2023-10-25,2023-10-25 18:28:00-03:00,2023-10-25 17:24:00-03:00,2023-10-25 18:44:00-03:00,2023-10-25 18:11:00-03:00,2023-10-25 17:18:00-03:00
298,2023-10-26,2023-10-26 18:28:00-03:00,2023-10-26 17:24:00-03:00,2023-10-26 18:45:00-03:00,2023-10-26 18:12:00-03:00,2023-10-26 17:16:00-03:00
299,2023-10-27,2023-10-27 18:29:00-03:00,2023-10-27 17:24:00-03:00,2023-10-27 18:45:00-03:00,2023-10-27 18:12:00-03:00,2023-10-27 17:14:00-03:00
300,2023-10-28,2023-10-28 18:30:00-03:00,2023-10-28 17:24:00-03:00,2023-10-28 18:46:00-03:00,2023-10-28 18:12:00-03:00,2023-10-28 17:12:00-03:00
301,2023-10-29,2023-10-29 18:30:00-03:00,2023-10-29 17:24:00-03:00,2023-10-29 18:47:00-03:00,2023-10-29 18:13:00-03:00,2023-10-29 17:10:00-03:00
302,2023-10-30,2023-10-30 18:31:00-03:00,2023-10-30 17:24:00-03:00,2023-10-30 18:47:00-03:00,2023-10-30 18:13:00-03:00,2023-10-30 17:08:00-03:00
303,2023-10-31,2023-10-31 18:31:00-03:00,2023-10-31 17:24:00-03:00,2023-10-31 18:48:00-03:00,2023-10-31 18:13:00-03:00,2023-10-31 17:06:00-03:00
304,2023-11-01,2023-11-01 18:32:00-03:00,2023-11-01 17:24:00-03:00,2023-11-01 18:49:00-03:00,2023-11-01 18:14:00-03:00,2023-11-01 17:05:00-03:00
305,2023-11-02,2023-11-02 18:33:00-03:00,2023-11-02 17:24:00-03:00,2023-11-02 18:49:00-03:00,2023-11-02 18:14:00-03:00,2023-11-02 17:03:00-03:00
306,2023-11-03,2023-11-03 18:33:00-03:00,2023-11-03 17:24:00-03:00,2023-11-03 18:50:00-03:00,2023-11-03 18:14:00-03:00,2023-11-03 17:01:00-03:00
307,2023-11-04,2023-11-04 18:34:00-03:00,2023-11-04 17:24:00-03:00,2023-11-04 18:51:00-03:00,2023-11-04 18:15:00-03:00,2023-11-04 16:59:00-03:00
308,2023-11-05,2023-11-05 18:35:00-03:00,2023-11-05 17:24:00-03:00,2023-11-05 18:52:00-03:00,2023-11-05 18:15:00-03:00,2023-11-05 16:58:00-03:00
309,2023-11-06,2023-11-06 18:35:00-03:00,2023-11-06 17:24:00-03:00,2023-11-06 18:52:00-03:00,2023-11-06 18:16:00-03:00,2023-11-06 16:56:00-03:00
310,2023-11-07,2023-11-07 18:36:00-03:00,2023-11-07 17:24:00-03:00,2023-11-07 18:53:00-03:00,2023-11-07 18:16:00-03:00,2023-11-07 16:54:00-03:00
311,2023-11-08,2023-11-08 18:37:00-03:00,2023-11-08 17:25:00-03:00,2023-11-08 18:54:00-03:00,2023-11-08 18:16:00-03:00,2023-11-08 16:53:00-03:00
312,2023-11-09,2023-11-09 18:37:00-03:00,2023-11-09 17:25:00-03:00,2023-11-09 18:55:00-03:00,2023-11-09 18:17:00-03:00,2023-11-09 16:51:00-03:00
313,2023-11-10,2023-11-10 18:38:00-03:00,2023-11-10 17:25:00-03:00,2023-11-10 18:55:00-03:00,2023-11-10 18:17:00-03:00,2023-11-10 16:50:00-03:00
314,2023-11-11,2023-11-11 18:39:00-03:00,2023-11-11 17:25:00-03:00,2023-11-11 18:56:00-03:00,2023-11-11 18:18:00-03:00,2023-11-11 16:48:00-03:00
315,2023-11-12,2023-11-12 18:39:00-03:00,2023-11-12 17:25:00-03:00,2023-11-12 18:57:00-03:00,2023-11-12 18:18:00-03:00,2023-11-12 16:47:00-03:00
316,2023-11-13,2023-11-13 18:40:00-03:00,2023-11-13 17:25:00-03:00,2023-11-13 18:58:00-03:00,2023-11-13 18:19:00-03:00,2023-11-13 16:45:00-03:00
317,2023-11-14,2023-11-14 18:41:00-03:00,2023-11-14 17:26:00-03:00,2023-11-14 18:58:00-03:00,2023-11-14 18:19:00-03:00,2023-11-14 16:44:00-03:00
318,2023-11-15,2023-11-15 18:42:00-03:00,2023-11-15 17:26:00-03:00,2023-11-15 18:59:00-03:00,2023-11-15 18:20:00-03:00,2023-11-15 16:42:00-03:00
319,2023-11-16,2023-11-16 18:42:00-03:00,2023-11-16 17:26:00-03:00,2023-11-16 19:00:00-03:00,2023-11-16 18:20:00-03:00,2023-11-16 16:41:00-03:00
320,2023-11-17,2023-11-17 18:43:00-03:00,2023-11-17 17:26:00-03:00,2023-11-17 19:01:00-03:00,2023-11-17 18:21:00-03:00,2023-11-17 16:40:00-03:00
321,2023-11-18,2023-11-18 18:44:00-03:00,2023-11-18 17:27:00-03:00,2023-11-18 19:01:00-03:00,2023-11-18 18:21:00-03:00,2023-11-18 16:38:00-03:00
322,2023-11-19,2023-11-19 18:44:00-03:00,2023-11-19 17:27:00-03:00,2023-11-19 19:02:00-03:00,2023-11-19 18:22:00-03:00,2023-11-19 16:37:00-03:00
323,2023-11-20,2023-11-20 18:45:00-03:00,2023-11-20 17:27:00-03:00,2023-11-20 19:03:00-03:00,2023-11-20 18:22:00-03:00,2023-11-20 16:36:00-03:00
324,2023-11-21,2023-11-21 18:46:00-03:00,2023-11-21 17:28:00-03:00,2023-11-21 19:04:00-03:00,2023-11-21 18:23:00-03:00,2023-11-21 16:35:00-03:00
325,2023-11-22,2023-11-22 18:47:00-03:00,2023-11-22 17:28:00-03:00,2023-11-22 19:05:00-03:00,2023-11-22 18:23:00-03:00,2023-11-22 16:34:00-03:00
326,2023-11-23,2023-11-23 18:47:00-03:00,2023-11-23 17:28:00-03:00,2023-11-23 19:05:00-03:00,2023-11-23 18:24:00-03:00,2023-11-23 16:33:00-03:00
327,2023-11-24,2023-11-24 18:48:00-03:00,2023-11-24 17:29:00-03:00,2023-11-24 19:06:00-03:00,2023-11-24 18:24:00-03:00,2023-11-24 16:32:00-03:00
328,2023-11-25,2023-11-25 18:49:00-03:00,2023-11-25 17:29:00-03:00,2023-11-25 19:07:00-03:00,2023-11-25 18:25:00-03:00,2023-11-25 16:31:00-03:00
329,2023-11-26,2023-11-26 18:50:00-03:00,2023-11-26 17:29:00-03:00,2023-11-26 19:08:00-03:00,2023-11-26 18:25:00-03:00,2023-11-26 16:30:00-03:00
330,2023-11-27,2023-11-27 18:50:00-03:00,2023-11-27 17:30:00-03:00,2023-11-27 19:09:00-03:00,2023-11-27 18:26:00-03:00,2023-11-27 16:29:00-03:00
331,2023-11-28,2023-11-28 18:51:00-03:00,2023-11-28 17:30:00-03:00,2023-11-28 19:09:00-03:00,2023-11-28 18:27:00-03:00,2023-11-28 16:28:00-03:00
332,2023-11-29,2023-11-29 18:52:00-03:00,2023-11-29 17:31:00-03:00,2023-11-29 19:10:00-03:00,2023-11-29 18:27:00-03:00,2023-11-29 16:27:00-03:00
333,2023-11-30,2023-11-30 18:53:00-03:00,2023-11-30 17:31:00-03:00,2023-11-30 19:11:00-03:00,2023-11-30 18:28:00-03:00,2023-11-30 16:27:00-03:00
334,2023-12-01,2023-12-01 18:53:00-03:00,2023-12-01 17:31:00-03:00,2023-12-01 19:12:00-03:00,2023-12-01 18:28:00-03:00,2023-12-01 16:26:00-03:00
335,2023-12-02,2023-12-02 18:54:00-03:00,2023-12-02 17:32:00-03:00,2023-12-02 19:12:00-03:00,2023-12-02 18:29:00-03:00,2023-12-02 16:25:00-03:00
336,2023-12-03,2023-12-03 18:55:00-03:00,2023-12-03 17:32:00-03:00,2023-12-03 19:13:00-03:00,2023-12-03 18:29:00-03:00,2023-12-03 16:25:00-03:00
337,2023-12-04,2023-12-04 18:55:00-03:00,2023-12-04 17:33:00-03:00,2023-12-04 19:14:00-03:00,2023-12-04 18:30:00-03:00,2023-12-04 16:24:00-03:00
338,2023-12-05,2023-12-05 18:56:00-03:00,2023-12-05 17:33:00-03:00,2023-12-05 19:15:00-03:00,2023-12-05 18:31:00-03:00,2023-12-05 16:24:00-03:00
339,2023-12-06,2023-12-06 18:57:00-03:00,2023-12-06 17:34:00-03:00,2023-12-06 19:15:00-03:00,2023-12-06 18:31:00-03:00,2023-12-06 16:24:00-03:00
340,2023-12-07,2023-12-07 18:58:00-03:00,2023-12-07 17:34:00-03:00,2023-12-07 19:16:00-03:00,2023-12-07 18:32:00-03:00,2023-12-07 16:23:00-03:00
341,2023-12-08,2023-12-08 18:58:00-03:00,2023-12-08 17:34:00-03:00,2023-12-08 19:17:00-03:00,2023-12-08 18:32:00-03:00,2023-12-08 16:23:00-03:00
342,2023-12-09,2023-12-09 18:59:00-03:00,2023-12-09 17:35:00-03:00,2023-12-09 19:17:00-03:00,2023-12-09 18:33:00-03:00,2023-12-09 16:23:00-03:00
343,2023-12-10,2023-12-10 19:00:00-03:00,2023-12-10 17:35:00-03:00,2023-12-10 19:18:00-03:00,2023-12-10 18:34:00-03:00,2023-12-10 16:23:00-03:00
344,2023-12-11,2023-12-11 19:00:00-03:00,2023-12-11 17:36:00-03:00,2023-12-11 19:19:00-03:00,2023-12-11 18:34:00-03:00,2023-12-11 16:22:00-03:00
345,2023-12-12,2023-12-12 19:01:00-03:00,2023-12-12 17:36:00-03:00,2023-12-12 19:20:00-03:00,2023-12-12 18:35:00-03:00,2023-12-12 16:22:00-03:00
346,2023-12-13,2023-12-13 19:01:00-03:00,2023-12-13 17:37:00-03:00,2023-12-13 19:20:00-03:00,2023-12-13 18:35:00-03:00,2023-12-13 16:22:00-03:00
347,2023-12-14,2023-12-14 19:02:00-03:00,2023-12-14 17:37:00-03:00,2023-12-14 19:21:00-03:00,2023-12-14 18:36:00-03:00,2023-12-14 16:22:00-03:00
348,2023-12-15,2023-12-15 19:03:00-03:00,2023-12-15 17:38:00-03:00,2023-12-15 19:21:00-03:00,2023-12-15 18:36:00-03:00,2023-12-15 16:22:00-03:00
349,2023-12-16,2023-12-16 19:03:00-03:00,2023-12-16 17:38:00-03:00,2023-12-16 19:22:00-03:00,2023-12-16 18:37:00-03:00,2023-12-16 16:23:00-03:00
350,2023-12-17,2023-12-17 19:04:00-03:00,2023-12-17 17:39:00-03:00,2023-12-17 19:23:00-03:00,2023-12-17 18:37:00-03:00,2023-12-17 16:23:00-03:00
351,2023-12-18,2023-12-18 19:04:00-03:00,2023-12-18 17:39:00-03:00,2023-12-18 19:23:00-03:00,2023-12-18 18:38:00-03:00,2023-12-18 16:23:00-03:00
352,2023-12-19,2023-12-19 19:05:00-03:00,2023-12-19 17:40:00-03:00,2023-12-19 19:24:00-03:00,2023-12-19 18:38:00-03:00,2023-12-19 16:23:00-03:00
353,2023-12-20,2023-12-20 19:05:00-03:00,2023-12-20 17:40:00-03:00,2023-12-20 19:24:00-03:00,2023-12-20 18:39:00-03:00,2023-12-20 16:24:00-03:00
354,2023-12-21,2023-12-21 19:06:00-03:00,2023-12-21 17:41:00-03:00,2023-12-21 19:25:00-03:00,2023-12-21 18:39:00-03:00,2023-12-21 16:24:00-03:00
355,2023-12-22,2023-12-22 19:06:00-03:00,2023-12-22 17:41:00-03:00,2023-12-22 19:25:00-03:00,2023-12-22 18:40:00-03:00,2023-12-22 16:25:00-03:00
356,2023-12-23,2023-12-23 19:07:00-03:00,2023-12-23 17:42:00-03:00,2023-12-23 19:26:00-03:00,2023-12-23 18:40:00-03:00,2023-12-23 16:25:00-03:00
357,2023-12-24,2023-12-24 19:07:00-03:00,2023-12-24 17:42:00-03:00,2023-12-24 19:26:00-03:00,2023-12-24 18:41:00-03:00,2023-12-24 16:26:00-03:00
358,2023-12-25,2023-12-25 19:08:00-03:00,2023-12-25 17:43:00-03:00,2023-12-25 19:27:00-03:00,2023-12-25 18:41:00-03:00,2023-12-25 16:27:00-03:00
359,2023-12-26,2023-12-26 19:08:00-03:00,2023-12-26 17:43:00-03:00,2023-12-26 19:27:00-03:00,2023-12-26 18:42:00-03:00,2023-12-26 16:27:00-03:00
360,2023-12-27,2023-12-27 19:09:00-03:00,2023-12-27 17:44:00-03:00,2023-12-27 19:27:00-03:00,2023-12-27 18:42:00-03:00,2023-12-27 16:28:00-03:00
361,2023-12-28,2023-12-28 19:09:00-03:00,2023-12-28 17:44:00-03:00,2023-12-28 19:28:00-03:00,2023-12-28 18:43:00-03:00,2023-12-28 16:29:00-03:00
362,2023-12-29,2023-12-29 19:09:00-03:00,2023-12-29 17:45:00-03:00,2023-12-29 19:28:00-03:00,2023-12-29 18:43:00-03:00,2023-12-29 16:30:00-03:00
363,2023-12-30,2023-12-30 19:10:00-03:00,2023-12-30 17:45:00-03:00,2023-12-30 19:28:00-03:00,2023-12-30 18:44:00-03:00,2023-12-30 16:31:00-03:00
364,2023-12-31,2023-12-31 19:10:00-03:00,2023-12-31 17:46:00-03:00,2023-12-31 19:29:00-03:00,2023-12-31 18:44:00-03:00,2023-12-31 16:32:00-03:00
